0,2022-06-22T10:15:24-07:00[America/Los_Angeles],23,23,23,"ConcurrentOddCallsThreadJoin+ ConcurrentOddCallsThreadStart+ ConcurrentOddInstantiatesThread+ ConcurrentOddInstantiatesWorker+ ConcurrentOddMainCallsParseInt+ ConcurrentOddMainCallsPrintProperty+ ConcurrentOddMainCallsPrintln+ OddWorkerISARunnable+ OddWorkerRunCallsPrintProperty+ "," ","ConcurrentOddMainCallsThreadJoin+ ConcurrentOddMainCallsThreadStart+ ","ConcurrentPICallsThreadJoin ConcurrentPICallsThreadStart ConcurrentPIInstantiatesThread ConcurrentPIInstantiatesWorker ConcurrentPIMainCallsParseInt ConcurrentPIMainCallsPrintProperty ConcurrentPIMainCallsPrintln ConcurrentPIMainCallsThreadJoin ConcurrentPIMainCallsThreadStart ConcurrentPrimeCallsThreadJoin ConcurrentPrimeCallsThreadStart ConcurrentPrimeInstantiatesThread ConcurrentPrimeInstantiatesWorker ConcurrentPrimeMainCallsParseInt ConcurrentPrimeMainCallsPrintProperty ConcurrentPrimeMainCallsPrintln ConcurrentPrimeMainCallsThreadJoin ConcurrentPrimeMainCallsThreadStart MnemonicNameRatioTestCase NamedConstantsRatioCheck OddNumbersFixedItems PIExecutionFixedIterations PIWorkerISARunnable PIWorkerRunCallsPrintProperty PrimeWorkerISARunnable PrimeWorkerRunCallsPrintProperty PrimesExecutionFixedItems ",0,0,true,"ConcurrentOddCallsThreadJoin ConcurrentOddCallsThreadStart ConcurrentOddInstantiatesThread ConcurrentOddInstantiatesWorker ConcurrentOddMainCallsParseInt ConcurrentOddMainCallsPrintProperty ConcurrentOddMainCallsPrintln ConcurrentOddMainCallsThreadJoin ConcurrentOddMainCallsThreadStart OddWorkerISARunnable OddWorkerRunCallsPrintProperty "," "," ","ConcurrentOddCallsThreadJoin-(0.9/0.9090909090909091) ConcurrentOddCallsThreadStart-(0.9/0.9090909090909091) ConcurrentOddInstantiatesThread-(0.9/0.9090909090909091) ConcurrentOddInstantiatesWorker-(0.9/0.9090909090909091) ConcurrentOddMainCallsParseInt-(0.9/0.9090909090909091) ConcurrentOddMainCallsPrintProperty-(0.9/0.9090909090909091) ConcurrentOddMainCallsPrintln-(0.9/0.9090909090909091) ConcurrentOddMainCallsThreadJoin-(0.0/0.9090909090909091) ConcurrentOddMainCallsThreadStart-(0.0/0.9090909090909091) OddWorkerISARunnable-(0.9/0.9090909090909091) OddWorkerRunCallsPrintProperty-(0.9/0.9090909090909091) "," "," "
2,2022-06-22T11:33:38-07:00[America/Los_Angeles],23,0,23,"ConcurrentOddCallsThreadJoin ConcurrentOddCallsThreadStart ConcurrentOddInstantiatesThread ConcurrentOddInstantiatesWorker ConcurrentOddMainCallsParseInt ConcurrentOddMainCallsPrintProperty ConcurrentOddMainCallsPrintln OddWorkerISARunnable OddWorkerRunCallsPrintProperty ","OddNumbersFixedItems ","ConcurrentOddMainCallsThreadJoin ConcurrentOddMainCallsThreadStart ","ConcurrentPICallsThreadJoin ConcurrentPICallsThreadStart ConcurrentPIInstantiatesThread ConcurrentPIInstantiatesWorker ConcurrentPIMainCallsParseInt ConcurrentPIMainCallsPrintProperty ConcurrentPIMainCallsPrintln ConcurrentPIMainCallsThreadJoin ConcurrentPIMainCallsThreadStart ConcurrentPrimeCallsThreadJoin ConcurrentPrimeCallsThreadStart ConcurrentPrimeInstantiatesThread ConcurrentPrimeInstantiatesWorker ConcurrentPrimeMainCallsParseInt ConcurrentPrimeMainCallsPrintProperty ConcurrentPrimeMainCallsPrintln ConcurrentPrimeMainCallsThreadJoin ConcurrentPrimeMainCallsThreadStart MnemonicNameRatioTestCase NamedConstantsRatioCheck PIExecutionFixedIterations PIWorkerISARunnable PIWorkerRunCallsPrintProperty PrimeWorkerISARunnable PrimeWorkerRunCallsPrintProperty PrimesExecutionFixedItems ",1,1,false," "," "," ","OddNumbersFixedItems-(2.0/10.0) "," "," "
4,2022-06-22T11:40:51-07:00[America/Los_Angeles],23,0,23,"ConcurrentOddCallsThreadJoin ConcurrentOddCallsThreadStart ConcurrentOddInstantiatesThread ConcurrentOddInstantiatesWorker ConcurrentOddMainCallsParseInt ConcurrentOddMainCallsPrintProperty ConcurrentOddMainCallsPrintln OddWorkerISARunnable OddWorkerRunCallsPrintProperty ","OddNumbersFixedItems ","ConcurrentOddMainCallsThreadJoin ConcurrentOddMainCallsThreadStart ","ConcurrentPICallsThreadJoin ConcurrentPICallsThreadStart ConcurrentPIInstantiatesThread ConcurrentPIInstantiatesWorker ConcurrentPIMainCallsParseInt ConcurrentPIMainCallsPrintProperty ConcurrentPIMainCallsPrintln ConcurrentPIMainCallsThreadJoin ConcurrentPIMainCallsThreadStart ConcurrentPrimeCallsThreadJoin ConcurrentPrimeCallsThreadStart ConcurrentPrimeInstantiatesThread ConcurrentPrimeInstantiatesWorker ConcurrentPrimeMainCallsParseInt ConcurrentPrimeMainCallsPrintProperty ConcurrentPrimeMainCallsPrintln ConcurrentPrimeMainCallsThreadJoin ConcurrentPrimeMainCallsThreadStart MnemonicNameRatioTestCase NamedConstantsRatioCheck PIExecutionFixedIterations PIWorkerISARunnable PIWorkerRunCallsPrintProperty PrimeWorkerISARunnable PrimeWorkerRunCallsPrintProperty PrimesExecutionFixedItems ",1,3,true,"ConcurrentOddCallsThreadJoin ConcurrentOddCallsThreadStart ConcurrentOddInstantiatesThread ConcurrentOddInstantiatesWorker ConcurrentOddMainCallsParseInt ConcurrentOddMainCallsPrintProperty ConcurrentOddMainCallsPrintln ConcurrentOddMainCallsThreadJoin ConcurrentOddMainCallsThreadStart OddWorkerISARunnable OddWorkerRunCallsPrintProperty "," "," ","ConcurrentOddCallsThreadJoin-(0.9/0.9090909090909091) ConcurrentOddCallsThreadStart-(0.9/0.9090909090909091) ConcurrentOddInstantiatesThread-(0.9/0.9090909090909091) ConcurrentOddInstantiatesWorker-(0.9/0.9090909090909091) ConcurrentOddMainCallsParseInt-(0.9/0.9090909090909091) ConcurrentOddMainCallsPrintProperty-(0.9/0.9090909090909091) ConcurrentOddMainCallsPrintln-(0.9/0.9090909090909091) ConcurrentOddMainCallsThreadJoin-(0.0/0.9090909090909091) ConcurrentOddMainCallsThreadStart-(0.0/0.9090909090909091) OddWorkerISARunnable-(0.9/0.9090909090909091) OddWorkerRunCallsPrintProperty-(0.9/0.9090909090909091) "," "," "
5,2022-06-22T11:51:12-07:00[America/Los_Angeles],23,0,23,"ConcurrentOddCallsThreadJoin ConcurrentOddCallsThreadStart ConcurrentOddInstantiatesThread ConcurrentOddInstantiatesWorker ConcurrentOddMainCallsParseInt ConcurrentOddMainCallsPrintProperty ConcurrentOddMainCallsPrintln OddWorkerISARunnable OddWorkerRunCallsPrintProperty ","OddNumbersFixedItems ","ConcurrentOddMainCallsThreadJoin ConcurrentOddMainCallsThreadStart ","ConcurrentPICallsThreadJoin ConcurrentPICallsThreadStart ConcurrentPIInstantiatesThread ConcurrentPIInstantiatesWorker ConcurrentPIMainCallsParseInt ConcurrentPIMainCallsPrintProperty ConcurrentPIMainCallsPrintln ConcurrentPIMainCallsThreadJoin ConcurrentPIMainCallsThreadStart ConcurrentPrimeCallsThreadJoin ConcurrentPrimeCallsThreadStart ConcurrentPrimeInstantiatesThread ConcurrentPrimeInstantiatesWorker ConcurrentPrimeMainCallsParseInt ConcurrentPrimeMainCallsPrintProperty ConcurrentPrimeMainCallsPrintln ConcurrentPrimeMainCallsThreadJoin ConcurrentPrimeMainCallsThreadStart MnemonicNameRatioTestCase NamedConstantsRatioCheck PIExecutionFixedIterations PIWorkerISARunnable PIWorkerRunCallsPrintProperty PrimeWorkerISARunnable PrimeWorkerRunCallsPrintProperty PrimesExecutionFixedItems ",1,4,false," "," "," ","ConcurrentOddInstantiatesWorker-(0.9/0.9090909090909091) "," "," "
6,2022-06-22T12:44:06-07:00[America/Los_Angeles],28,5,28,"ConcurrentOddCallsThreadJoin ConcurrentOddCallsThreadStart ConcurrentOddInstantiatesThread ConcurrentOddInstantiatesWorker ConcurrentOddMainCallsParseInt ConcurrentOddMainCallsPrintProperty ConcurrentOddMainCallsPrintln ConcurrentOddMainCallsThreadJoin+ ConcurrentOddMainCallsThreadStart+ OddWorkerISARunnable OddWorkerRunCallsPrintProperty ","OddNumbersFixedItems "," ","ConcurrentPICallsThreadJoin ConcurrentPICallsThreadStart ConcurrentPIInstantiatesThread ConcurrentPIInstantiatesWorker ConcurrentPIMainCallsParseInt ConcurrentPIMainCallsPrintProperty ConcurrentPIMainCallsPrintln ConcurrentPIMainCallsThreadJoin ConcurrentPIMainCallsThreadStart ConcurrentPrimeCallsThreadJoin ConcurrentPrimeCallsThreadStart ConcurrentPrimeInstantiatesThread ConcurrentPrimeInstantiatesWorker ConcurrentPrimeMainCallsParseInt ConcurrentPrimeMainCallsPrintProperty ConcurrentPrimeMainCallsPrintln ConcurrentPrimeMainCallsThreadJoin ConcurrentPrimeMainCallsThreadStart MnemonicNameRatioTestCase NamedConstantsRatioCheck PIExecutionFixedIterations PIWorkerISARunnable PIWorkerRunCallsPrintProperty PrimeWorkerISARunnable PrimeWorkerRunCallsPrintProperty PrimesExecutionFixedItems ",2,0,true,"ConcurrentOddCallsThreadJoin ConcurrentOddCallsThreadStart ConcurrentOddInstantiatesThread ConcurrentOddInstantiatesWorker ConcurrentOddMainCallsParseInt ConcurrentOddMainCallsPrintProperty ConcurrentOddMainCallsPrintln ConcurrentOddMainCallsThreadJoin ConcurrentOddMainCallsThreadStart OddWorkerISARunnable OddWorkerRunCallsPrintProperty "," "," ","ConcurrentOddCallsThreadJoin-(0.9/0.9090909090909091) ConcurrentOddCallsThreadStart-(0.9/0.9090909090909091) ConcurrentOddInstantiatesThread-(0.9/0.9090909090909091) ConcurrentOddInstantiatesWorker-(0.9/0.9090909090909091) ConcurrentOddMainCallsParseInt-(0.9/0.9090909090909091) ConcurrentOddMainCallsPrintProperty-(0.9/0.9090909090909091) ConcurrentOddMainCallsPrintln-(0.9/0.9090909090909091) ConcurrentOddMainCallsThreadJoin-(0.9/0.9090909090909091) ConcurrentOddMainCallsThreadStart-(0.9/0.9090909090909091) OddWorkerISARunnable-(0.9/0.9090909090909091) OddWorkerRunCallsPrintProperty-(0.9/0.9090909090909091) "," "," "
9,2022-06-22T12:45:11-07:00[America/Los_Angeles],28,0,28,"ConcurrentOddCallsThreadJoin ConcurrentOddCallsThreadStart ConcurrentOddInstantiatesThread ConcurrentOddInstantiatesWorker ConcurrentOddMainCallsParseInt ConcurrentOddMainCallsPrintProperty ConcurrentOddMainCallsPrintln ConcurrentOddMainCallsThreadJoin ConcurrentOddMainCallsThreadStart OddWorkerISARunnable OddWorkerRunCallsPrintProperty ","OddNumbersFixedItems "," ","ConcurrentPICallsThreadJoin ConcurrentPICallsThreadStart ConcurrentPIInstantiatesThread ConcurrentPIInstantiatesWorker ConcurrentPIMainCallsParseInt ConcurrentPIMainCallsPrintProperty ConcurrentPIMainCallsPrintln ConcurrentPIMainCallsThreadJoin ConcurrentPIMainCallsThreadStart ConcurrentPrimeCallsThreadJoin ConcurrentPrimeCallsThreadStart ConcurrentPrimeInstantiatesThread ConcurrentPrimeInstantiatesWorker ConcurrentPrimeMainCallsParseInt ConcurrentPrimeMainCallsPrintProperty ConcurrentPrimeMainCallsPrintln ConcurrentPrimeMainCallsThreadJoin ConcurrentPrimeMainCallsThreadStart MnemonicNameRatioTestCase NamedConstantsRatioCheck PIExecutionFixedIterations PIWorkerISARunnable PIWorkerRunCallsPrintProperty PrimeWorkerISARunnable PrimeWorkerRunCallsPrintProperty PrimesExecutionFixedItems ",2,3,false," "," "," ","OddNumbersFixedItems-(9.0/10.0) "," "," "
11,2022-06-22T12:47:14-07:00[America/Los_Angeles],31,0,31,"ConcurrentOddCallsThreadJoin ConcurrentOddCallsThreadStart ConcurrentOddInstantiatesThread ConcurrentOddInstantiatesWorker ConcurrentOddMainCallsParseInt ConcurrentOddMainCallsPrintProperty ConcurrentOddMainCallsPrintln ConcurrentOddMainCallsThreadJoin ConcurrentOddMainCallsThreadStart OddNumbersFixedItems OddWorkerISARunnable OddWorkerRunCallsPrintProperty "," "," ","ConcurrentPICallsThreadJoin ConcurrentPICallsThreadStart ConcurrentPIInstantiatesThread ConcurrentPIInstantiatesWorker ConcurrentPIMainCallsParseInt ConcurrentPIMainCallsPrintProperty ConcurrentPIMainCallsPrintln ConcurrentPIMainCallsThreadJoin ConcurrentPIMainCallsThreadStart ConcurrentPrimeCallsThreadJoin ConcurrentPrimeCallsThreadStart ConcurrentPrimeInstantiatesThread ConcurrentPrimeInstantiatesWorker ConcurrentPrimeMainCallsParseInt ConcurrentPrimeMainCallsPrintProperty ConcurrentPrimeMainCallsPrintln ConcurrentPrimeMainCallsThreadJoin ConcurrentPrimeMainCallsThreadStart MnemonicNameRatioTestCase NamedConstantsRatioCheck PIExecutionFixedIterations PIWorkerISARunnable PIWorkerRunCallsPrintProperty PrimeWorkerISARunnable PrimeWorkerRunCallsPrintProperty PrimesExecutionFixedItems ",3,1,false," "," "," ","OddNumbersFixedItems-(10.0/10.0) "," "," "
12,2022-06-22T12:53:11-07:00[America/Los_Angeles],42,11,42,"ConcurrentOddCallsThreadJoin ConcurrentOddCallsThreadStart ConcurrentOddInstantiatesThread ConcurrentOddInstantiatesWorker ConcurrentOddMainCallsParseInt ConcurrentOddMainCallsPrintProperty ConcurrentOddMainCallsPrintln ConcurrentOddMainCallsThreadJoin ConcurrentOddMainCallsThreadStart ConcurrentPrimeMainCallsParseInt+ ConcurrentPrimeMainCallsPrintProperty+ ConcurrentPrimeMainCallsPrintln+ OddNumbersFixedItems OddWorkerISARunnable OddWorkerRunCallsPrintProperty PrimeWorkerISARunnable+ "," ","ConcurrentPrimeCallsThreadJoin+ ConcurrentPrimeCallsThreadStart+ ConcurrentPrimeInstantiatesThread+ ConcurrentPrimeInstantiatesWorker+ ConcurrentPrimeMainCallsThreadJoin+ ConcurrentPrimeMainCallsThreadStart+ PrimeWorkerRunCallsPrintProperty+ ","ConcurrentPICallsThreadJoin ConcurrentPICallsThreadStart ConcurrentPIInstantiatesThread ConcurrentPIInstantiatesWorker ConcurrentPIMainCallsParseInt ConcurrentPIMainCallsPrintProperty ConcurrentPIMainCallsPrintln ConcurrentPIMainCallsThreadJoin ConcurrentPIMainCallsThreadStart MnemonicNameRatioTestCase NamedConstantsRatioCheck PIExecutionFixedIterations PIWorkerISARunnable PIWorkerRunCallsPrintProperty PrimesExecutionFixedItems ",4,0,true,"ConcurrentPrimeCallsThreadJoin ConcurrentPrimeCallsThreadStart ConcurrentPrimeInstantiatesThread ConcurrentPrimeInstantiatesWorker ConcurrentPrimeMainCallsParseInt ConcurrentPrimeMainCallsPrintProperty ConcurrentPrimeMainCallsPrintln ConcurrentPrimeMainCallsThreadJoin ConcurrentPrimeMainCallsThreadStart PrimeWorkerISARunnable PrimeWorkerRunCallsPrintProperty "," "," ","ConcurrentPrimeCallsThreadJoin-(0.0/0.9090909090909091) ConcurrentPrimeCallsThreadStart-(0.0/0.9090909090909091) ConcurrentPrimeInstantiatesThread-(0.0/0.9090909090909091) ConcurrentPrimeInstantiatesWorker-(0.0/0.9090909090909091) ConcurrentPrimeMainCallsParseInt-(0.9/0.9090909090909091) ConcurrentPrimeMainCallsPrintProperty-(0.9/0.9090909090909091) ConcurrentPrimeMainCallsPrintln-(0.9/0.9090909090909091) ConcurrentPrimeMainCallsThreadJoin-(0.0/0.9090909090909091) ConcurrentPrimeMainCallsThreadStart-(0.0/0.9090909090909091) PrimeWorkerISARunnable-(0.9/0.9090909090909091) PrimeWorkerRunCallsPrintProperty-(0.0/0.9090909090909091) "," "," "
13,2022-06-22T12:53:11-07:00[America/Los_Angeles],42,0,42,"ConcurrentOddCallsThreadJoin ConcurrentOddCallsThreadStart ConcurrentOddInstantiatesThread ConcurrentOddInstantiatesWorker ConcurrentOddMainCallsParseInt ConcurrentOddMainCallsPrintProperty ConcurrentOddMainCallsPrintln ConcurrentOddMainCallsThreadJoin ConcurrentOddMainCallsThreadStart ConcurrentPrimeMainCallsParseInt ConcurrentPrimeMainCallsPrintProperty ConcurrentPrimeMainCallsPrintln OddNumbersFixedItems OddWorkerISARunnable OddWorkerRunCallsPrintProperty PrimeWorkerISARunnable "," ","ConcurrentPrimeCallsThreadJoin ConcurrentPrimeCallsThreadStart ConcurrentPrimeInstantiatesThread ConcurrentPrimeInstantiatesWorker ConcurrentPrimeMainCallsThreadJoin ConcurrentPrimeMainCallsThreadStart PrimeWorkerRunCallsPrintProperty ","ConcurrentPICallsThreadJoin ConcurrentPICallsThreadStart ConcurrentPIInstantiatesThread ConcurrentPIInstantiatesWorker ConcurrentPIMainCallsParseInt ConcurrentPIMainCallsPrintProperty ConcurrentPIMainCallsPrintln ConcurrentPIMainCallsThreadJoin ConcurrentPIMainCallsThreadStart MnemonicNameRatioTestCase NamedConstantsRatioCheck PIExecutionFixedIterations PIWorkerISARunnable PIWorkerRunCallsPrintProperty PrimesExecutionFixedItems ",4,1,true,"ConcurrentPrimeCallsThreadJoin ConcurrentPrimeCallsThreadStart ConcurrentPrimeInstantiatesThread ConcurrentPrimeInstantiatesWorker ConcurrentPrimeMainCallsParseInt ConcurrentPrimeMainCallsPrintProperty ConcurrentPrimeMainCallsPrintln ConcurrentPrimeMainCallsThreadJoin ConcurrentPrimeMainCallsThreadStart PrimeWorkerISARunnable PrimeWorkerRunCallsPrintProperty "," "," ","ConcurrentPrimeCallsThreadJoin-(0.0/0.9090909090909091) ConcurrentPrimeCallsThreadStart-(0.0/0.9090909090909091) ConcurrentPrimeInstantiatesThread-(0.0/0.9090909090909091) ConcurrentPrimeInstantiatesWorker-(0.0/0.9090909090909091) ConcurrentPrimeMainCallsParseInt-(0.9/0.9090909090909091) ConcurrentPrimeMainCallsPrintProperty-(0.9/0.9090909090909091) ConcurrentPrimeMainCallsPrintln-(0.9/0.9090909090909091) ConcurrentPrimeMainCallsThreadJoin-(0.0/0.9090909090909091) ConcurrentPrimeMainCallsThreadStart-(0.0/0.9090909090909091) PrimeWorkerISARunnable-(0.9/0.9090909090909091) PrimeWorkerRunCallsPrintProperty-(0.0/0.9090909090909091) "," "," "
14,2022-06-22T13:14:27-07:00[America/Los_Angeles],44,2,44,"ConcurrentOddCallsThreadJoin ConcurrentOddCallsThreadStart ConcurrentOddInstantiatesThread ConcurrentOddInstantiatesWorker ConcurrentOddMainCallsParseInt ConcurrentOddMainCallsPrintProperty ConcurrentOddMainCallsPrintln ConcurrentOddMainCallsThreadJoin ConcurrentOddMainCallsThreadStart ConcurrentPrimeMainCallsParseInt ConcurrentPrimeMainCallsPrintProperty ConcurrentPrimeMainCallsPrintln OddNumbersFixedItems OddWorkerISARunnable OddWorkerRunCallsPrintProperty PrimeWorkerISARunnable PrimeWorkerRunCallsPrintProperty+ "," ","ConcurrentPrimeCallsThreadJoin ConcurrentPrimeCallsThreadStart ConcurrentPrimeInstantiatesThread ConcurrentPrimeInstantiatesWorker ConcurrentPrimeMainCallsThreadJoin ConcurrentPrimeMainCallsThreadStart ","ConcurrentPICallsThreadJoin ConcurrentPICallsThreadStart ConcurrentPIInstantiatesThread ConcurrentPIInstantiatesWorker ConcurrentPIMainCallsParseInt ConcurrentPIMainCallsPrintProperty ConcurrentPIMainCallsPrintln ConcurrentPIMainCallsThreadJoin ConcurrentPIMainCallsThreadStart MnemonicNameRatioTestCase NamedConstantsRatioCheck PIExecutionFixedIterations PIWorkerISARunnable PIWorkerRunCallsPrintProperty PrimesExecutionFixedItems ",5,0,true,"ConcurrentPrimeCallsThreadJoin ConcurrentPrimeCallsThreadStart ConcurrentPrimeInstantiatesThread ConcurrentPrimeInstantiatesWorker ConcurrentPrimeMainCallsParseInt ConcurrentPrimeMainCallsPrintProperty ConcurrentPrimeMainCallsPrintln ConcurrentPrimeMainCallsThreadJoin ConcurrentPrimeMainCallsThreadStart PrimeWorkerISARunnable PrimeWorkerRunCallsPrintProperty "," "," ","ConcurrentPrimeCallsThreadJoin-(0.0/0.9090909090909091) ConcurrentPrimeCallsThreadStart-(0.0/0.9090909090909091) ConcurrentPrimeInstantiatesThread-(0.0/0.9090909090909091) ConcurrentPrimeInstantiatesWorker-(0.0/0.9090909090909091) ConcurrentPrimeMainCallsParseInt-(0.9/0.9090909090909091) ConcurrentPrimeMainCallsPrintProperty-(0.9/0.9090909090909091) ConcurrentPrimeMainCallsPrintln-(0.9/0.9090909090909091) ConcurrentPrimeMainCallsThreadJoin-(0.0/0.9090909090909091) ConcurrentPrimeMainCallsThreadStart-(0.0/0.9090909090909091) PrimeWorkerISARunnable-(0.9/0.9090909090909091) PrimeWorkerRunCallsPrintProperty-(0.9/0.9090909090909091) "," "," "
